"ACCT","ACCT"
"ACTL","ACTL"
"ADAD","ADAD"
"AERO","AERO"
"ANAT","ANAT"
"ARCH","ARCH"
"ARTS","ARTS"
"ATSI","ATSI"
"AVEN","AVEN"
"AVIA","AVIA"
"AVIF","AVIF"
"AVIG","AVIG"
"BABS","BABS"
"BEES","BEES"
"BEIL","BEIL"
"BENV","BENV"
"BINF","BINF"
"BIOC","BIOC"
"BIOM","BIOM"
"BIOS","BIOS"
"BIOT","BIOT"
"BLDG","BLDG"
"CEIC","CEIC"
"CHEM","CHEM"
"CHEN","CHEN"
"CLIM","CLIM"
"CODE","CODE"
"COMD","COMD"
"COMM","COMM"
"COMP","COMP"
"CONS","CONS"
"CRIM","CRIM"
"CRTV","CRTV"
"CVEN","CVEN"
"DATA","DATA"
"DIPP","DIPP"
"DPGE","DPGE"
"DPST","DPST"
"ECON","ECON"
"EDST","EDST"
"ELEC","ELEC"
"ENGG","ENGG"
"ENVS","ENVS"
"FINS","FINS"
"FOOD","FOOD"
"GBAT","GBAT"
"GENC","GENC"
"GENE","GENE"
"GENL","GENL"
"GENM","GENM"
"GENS","GENS"
"GENY","GENY"
"GEOL","GEOL"
"GEOS","GEOS"
"GMAT","GMAT"
"GSBE","GSBE"
"GSOE","GSOE"
"HDAT","HDAT"
"HESC","HESC"
"HUML","HUML"
"HUMS","HUMS"
"IDES","IDES"
"IEST","IEST"
"INDC","INDC"
"INFS","INFS"
"INOV","INOV"
"INST","INST"
"INTA","INTA"
"JAPN","JAPN"
"JURD","JURD"
"KORE","KORE"
"LAND","LAND"
"LAWS","LAWS"
"LING","LING"
"MANF","MANF"
"MARK","MARK"
"MATH","MATH"
"MATS","MATS"
"MBAX","MBAX"
"MDCN","MDCN"
"MDIA","MDIA"
"MECH","MECH"
"MFAC","MFAC"
"MFIN","MFIN"
"MGMT","MGMT"
"MICR","MICR"
"MINE","MINE"
"MMAN","MMAN"
"MNGT","MNGT"
"MNNG","MNNG"
"MODL","MODL"
"MSCI","MSCI"
"MTRN","MTRN"
"MUPS","MUPS"
"MUSC","MUSC"
"NANO","NANO"
"NAVL","NAVL"
"NCHR","NCHR"
"NEUR","NEUR"
"OPTM","OPTM"
"PATH","PATH"
"PHAR","PHAR"
"PHCM","PHCM"
"PHOP","PHOP"
"PHSL","PHSL"
"PHTN","PHTN"
"PHYS","PHYS"
"PLAN","PLAN"
"POLS","POLS"
"POLY","POLY"
"PSCY","PSCY"
"PSYC","PSYC"
"PTRL","PTRL"
"REGZ","REGZ"
"REST","REST"
"RISK","RISK"
"SAFE","SAFE"
"SAHT","SAHT"
"SART","SART"
"SCIF","SCIF"
"SDES","SDES"
"SENG","SENG"
"SERV","SERV"
"SESC","SESC"
"SLSP","SLSP"
"SOCF","SOCF"
"SOCW","SOCW"
"SOLA","SOLA"
"SOMA","SOMA"
"SOMS","SOMS"
"SOSS","SOSS"
"SPRC","SPRC"
"SRAP","SRAP"
"STAM","STAM"
"STRE","STRE"
"SUSD","SUSD"
"SWCH","SWCH"
"TABL","TABL"
"TELE","TELE"
"UDES","UDES"
"VISN","VISN"
"YCAN","YCAN"
"YMED","YMED"
"ZBUS","ZBUS"
"ZEIT","ZEIT"
"ZGEN","ZGEN"
"ZHSS","ZHSS"
"ZINT","ZINT"
"ZPEM","ZPEM"
"RASE","RASE"
"ABEL","ABEL"
"ABEL","ABEL"
"ABEL","ABEL"
"TEXT","TEXT"
"TION","TION"
"HOST","HOST"
"TEMS","TEMS"
"TERS","TERS"
"TYPE","TYPE"
"YEAR","YEAR"
"ACCT","ACCT"
"ACTL","ACTL"
"ADAD","ADAD"
"AERO","AERO"
"ANAT","ANAT"
"ARCH","ARCH"
"ARTS","ARTS"
"ATSI","ATSI"
"AVEN","AVEN"
"AVIA","AVIA"
"AVIF","AVIF"
"AVIG","AVIG"
"BABS","BABS"
"BEES","BEES"
"BEIL","BEIL"
"BENV","BENV"
"BINF","BINF"
"BIOC","BIOC"
"BIOM","BIOM"
"BIOS","BIOS"
"BIOT","BIOT"
"BLDG","BLDG"
"CEIC","CEIC"
"CHEM","CHEM"
"CHEN","CHEN"
"CLIM","CLIM"
"CODE","CODE"
"COMD","COMD"
"COMM","COMM"
"COMP","COMP"
"CONS","CONS"
"CRIM","CRIM"
"CRTV","CRTV"
"CVEN","CVEN"
"DATA","DATA"
"DIPP","DIPP"
"DPGE","DPGE"
"DPST","DPST"
"ECON","ECON"
"EDST","EDST"
"ELEC","ELEC"
"ENGG","ENGG"
"ENVS","ENVS"
"FINS","FINS"
"FOOD","FOOD"
"GBAT","GBAT"
"GENC","GENC"
"GENE","GENE"
"GENL","GENL"
"GENM","GENM"
"GENS","GENS"
"GENY","GENY"
"GEOL","GEOL"
"GEOS","GEOS"
"GMAT","GMAT"
"GSBE","GSBE"
"GSOE","GSOE"
"HDAT","HDAT"
"HESC","HESC"
"HUML","HUML"
"HUMS","HUMS"
"IDES","IDES"
"IEST","IEST"
"INDC","INDC"
"INFS","INFS"
"INOV","INOV"
"INST","INST"
"INTA","INTA"
"JAPN","JAPN"
"JURD","JURD"
"KORE","KORE"
"LAND","LAND"
"LAWS","LAWS"
"LING","LING"
"MANF","MANF"
"MARK","MARK"
"MATH","MATH"
"MATS","MATS"
"MBAX","MBAX"
"MDCN","MDCN"
"MDIA","MDIA"
"MECH","MECH"
"MFAC","MFAC"
"MFIN","MFIN"
"MGMT","MGMT"
"MICR","MICR"
"MINE","MINE"
"MMAN","MMAN"
"MNGT","MNGT"
"MNNG","MNNG"
"MODL","MODL"
"MSCI","MSCI"
"MTRN","MTRN"
"MUPS","MUPS"
"MUSC","MUSC"
"NANO","NANO"
"NAVL","NAVL"
"NCHR","NCHR"
"NEUR","NEUR"
"OPTM","OPTM"
"PATH","PATH"
"PHAR","PHAR"
"PHCM","PHCM"
"PHOP","PHOP"
"PHSL","PHSL"
"PHTN","PHTN"
"PHYS","PHYS"
"PLAN","PLAN"
"POLS","POLS"
"POLY","POLY"
"PSCY","PSCY"
"PSYC","PSYC"
"PTRL","PTRL"
"REGZ","REGZ"
"REST","REST"
"RISK","RISK"
"SAFE","SAFE"
"SAHT","SAHT"
"SART","SART"
"SCIF","SCIF"
"SDES","SDES"
"SENG","SENG"
"SERV","SERV"
"SESC","SESC"
"SLSP","SLSP"
"SOCF","SOCF"
"SOCW","SOCW"
"SOLA","SOLA"
"SOMA","SOMA"
"SOMS","SOMS"
"SOSS","SOSS"
"SPRC","SPRC"
"SRAP","SRAP"
"STAM","STAM"
"STRE","STRE"
"SUSD","SUSD"
"SWCH","SWCH"
"TABL","TABL"
"TELE","TELE"
"UDES","UDES"
"VISN","VISN"
"YCAN","YCAN"
"YMED","YMED"
"ZBUS","ZBUS"
"ZEIT","ZEIT"
"ZGEN","ZGEN"
"ZHSS","ZHSS"
"ZINT","ZINT"
"ZPEM","ZPEM"
